mz,8EV,10EV,15EV,20EV,25EV
145.0500843,0,0,0,0.029545988,0
301.0371819,0,0,0.012476683,0,0
302.04347,0,0,0,0.007813914,0
330.0328971,0,0,0,0.017168038,0
331.040382,0,0.066925011,0.12878938,0.106732317,0.006306544
332.0509145,0,0.112939349,0.11805575,0.079083401,0.008030554
345.0708217,0.02654922,0.078626321,0.157605818,0.134496931,0.024683579
346.0572144,0.047539973,0.154116174,0.175667774,0.160361692,0.031242978
347.0794351,0.788677197,0.956521009,0.634931177,0.443827402,0.089171737
